horizon,feature,gain,split,block,gain_pct_horizon
1,route_id,3084957.480676174,52506,ids_time,0.07422162525738513
1,office_from_id,393390.9233317375,5632,ids_time,0.009464672973316046
1,hour,344830.2683773041,14836,ids_time,0.008296342208027462
1,minute,1105.4214243888855,65,ids_time,2.659556095226749e-05
1,dow,43239.97402858734,2307,ids_time,0.0010403194107509832
1,target_2h,2104061.0926833153,5072,current_target,0.05062203771623977
1,status_sum,7670.861123561859,551,status_agg,0.0001845548223211366
1,status_max,9915.224242687225,748,status_agg,0.00023855241529045922
1,status_1,4412.47598361969,278,raw_status,0.00010616066541106731
1,status_2,6320.538321971893,435,raw_status,0.00015206712886542469
1,status_3,2955.7141909599304,189,raw_status,7.111213442114574e-05
1,status_4,9290.642554283142,487,raw_status,0.000223525476245195
1,status_5,42761.41818189621,1318,raw_status,0.001028805737405296
1,status_6,79464.52647972107,1063,raw_status,0.0019118533537585967
1,status_7,12544.44759941101,945,raw_status,0.0003018094397139998
1,status_8,56188.40976381302,1163,raw_status,0.0013518484839486488
1,target_lag_1,87456.07572364807,1462,short_lags,0.0021041236773932295
1,target_lag_2,47949.02011299133,1325,short_lags,0.0011536153170918972
1,target_lag_3,1094014.2291193008,4390,short_lags,0.026321112899793407
1,target_lag_4,573785.0703902245,4407,short_lags,0.013804812785766866
1,target_lag_6,53525.53955364227,1591,short_lags,0.0012877819429715502
1,target_lag_8,33442.55985403061,1655,short_lags,0.0008046014120718064
1,target_lag_12,16540.731511592865,1019,short_lags,0.00039795685464921835
1,target_lag_24,32786.79708528519,1089,short_lags,0.0007888242810142659
1,target_lag_48,17099.733308792114,1162,mid_lags,0.0004114059936308141
1,target_lag_96,14757.376429080963,1075,mid_lags,0.0003550507486609959
1,target_lag_144,24930.447452545166,1194,mid_lags,0.0005998067525767536
1,target_lag_192,18902.39862537384,1163,long_lags,0.0004547766885042126
1,target_lag_240,19678.644615650177,1158,long_lags,0.00047345255011939765
1,target_lag_288,17276.923510551453,1087,long_lags,0.00041566904906565905
1,target_lag_336,16261.989931583405,1109,long_lags,0.00039125055376024176
1,target_lag_672,14449.864047527313,1112,long_lags,0.00034765224515206645
1,target_roll_mean_2,211729.49007463455,1060,roll_mean,0.005094043262084866
1,target_roll_std_2,65868.62198162079,1447,roll_std,0.0015847466966930949
1,target_roll_mean_4,41044.750448703766,710,roll_mean,0.0009875040760428428
1,target_roll_std_4,299003.702229023,2442,roll_std,0.0071937914465352885
1,target_roll_mean_8,25547.060149669647,1147,roll_mean,0.0006146419640250772
1,target_roll_std_8,27256.09867811203,1384,roll_std,0.0006557600727844499
1,target_roll_mean_16,15625.546222686768,804,roll_mean,0.00037593822392910495
1,target_roll_std_16,10185.521165847778,680,roll_std,0.0002450555444469264
1,target_roll_mean_48,887056.3342609406,2813,roll_mean,0.02134187042645219
1,target_roll_std_48,261435.8562898636,1027,roll_std,0.00628993892976987
1,target_roll_mean_96,24336198.16024971,2613,roll_mean,0.5855095868756067
1,target_roll_std_96,5316076.009493351,1204,roll_std,0.12790056390984936
1,same_slot_mean_7d,1444706.8345036507,2662,same_slot,0.03475849827719839
1,future_hour_1,315174.7781820297,15211,future_time,0.007582854682223614
1,future_minute_1,166.20023918151855,12,future_time,3.998645669344741e-06
1,future_dow_1,21090.905740737915,1169,future_time,0.0005074304304138321
2,route_id,3447188.8918275833,51123,ids_time,0.10101452062848236
2,office_from_id,450065.2913389206,5528,ids_time,0.013188464886244252
2,hour,551110.8001766205,17432,ids_time,0.016149446705691312
2,minute,7064.893485069275,189,ids_time,0.00020702573925596637
2,dow,66657.26842880249,2432,ids_time,0.001953287802911711
2,target_2h,903231.3767995834,3584,current_target,0.026467793731965162
2,status_sum,17061.581179618835,306,status_agg,0.0004999631578382724
2,status_max,6351.971622467041,390,status_agg,0.00018613467048771292
2,status_1,4611.326044082642,262,raw_status,0.00013512775319883522
2,status_2,7950.288230895996,489,raw_status,0.00023297085819873667
2,status_3,5556.22395324707,243,raw_status,0.00016281651999759818
2,status_4,13757.107989788055,525,raw_status,0.00040313069936992924
2,status_5,95671.81310081482,1334,raw_status,0.0028035140055562525
2,status_6,91894.05114841461,688,raw_status,0.0026928125544187984
2,status_7,7894.291837692261,454,raw_status,0.00023132997079920676
2,status_8,62446.78560638428,708,raw_status,0.001829906138237239
2,target_lag_1,118699.80741024017,1431,short_lags,0.0034783136406202797
2,target_lag_2,857965.5498671532,3719,short_lags,0.02514134892377042
2,target_lag_3,73366.02781772614,1424,short_lags,0.0021498775851805517
2,target_lag_4,293198.55457782745,3338,short_lags,0.008591728613960885
2,target_lag_6,124209.15082120895,2430,short_lags,0.0036397563990824217
2,target_lag_8,57522.2483291626,1792,short_lags,0.001685600215937777
2,target_lag_12,16588.091116905212,879,short_lags,0.0004860882663808422
2,target_lag_24,32121.723256587982,976,short_lags,0.0009412772488962001
2,target_lag_48,18628.11613559723,1000,mid_lags,0.0005458680335475994
2,target_lag_96,14693.637166023254,859,mid_lags,0.00043057423343801184
2,target_lag_144,32898.949387550354,953,mid_lags,0.0009640526544520791
2,target_lag_192,21722.346885681152,858,long_lags,0.0006365396636038007
2,target_lag_240,23007.034355163574,968,long_lags,0.0006741854361330757
2,target_lag_288,17744.661452293396,893,long_lags,0.0005199797651261926
2,target_lag_336,15714.914173603058,876,long_lags,0.0004605011711797005
2,target_lag_672,15912.844197273254,1002,long_lags,0.0004663012033469047
2,target_roll_mean_2,87285.41705846786,919,roll_mean,0.0025577636847581514
2,target_roll_std_2,78830.9622592926,1051,roll_std,0.0023100190077146236
2,target_roll_mean_4,23497.39294528961,453,roll_mean,0.000688554633607305
2,target_roll_std_4,39757.54229545593,1155,roll_std,0.0011650330754613503
2,target_roll_mean_8,6295.310125350952,375,roll_mean,0.00018447429325023598
2,target_roll_std_8,9550.509160041809,654,roll_std,0.0002798628490729675
2,target_roll_mean_16,12514.59475326538,680,roll_mean,0.00036672077728546235
2,target_roll_std_16,10999.191089630127,725,roll_std,0.0003223142247453129
2,target_roll_mean_48,97481.05082511902,1957,roll_mean,0.002856530909230093
2,target_roll_std_48,136313.9474477768,777,roll_std,0.003994468678249043
2,target_roll_mean_96,20641213.759509087,2081,roll_mean,0.6048587352001517
2,target_roll_std_96,4662688.367996216,950,roll_std,0.13663284638963621
2,same_slot_mean_7d,683474.744936943,2009,same_slot,0.02002816668537024
2,future_hour_2,123806.95387125015,4099,future_time,0.003627970641651303
2,future_minute_2,2012.1011028289795,44,future_time,5.896150014876411e-05
2,future_dow_2,37447.421555519104,1450,future_time,0.0010973385723571365
3,route_id,2666852.334216118,33372,ids_time,0.1272794066676038
3,office_from_id,381135.0062198639,3713,ids_time,0.01819022254420275
3,hour,332818.8732728958,7097,ids_time,0.015884264822036344
3,minute,37.584900856018066,2,ids_time,1.7937940617251373e-06
3,dow,63033.00591468811,1552,ids_time,0.0030083418906863653
3,target_2h,317899.01591968536,1891,current_target,0.015172192928471946
3,status_sum,2541.951114654541,109,status_agg,0.00012131831429143726
3,status_max,6504.885963439941,140,status_agg,0.00031045514415796113
3,status_1,5169.6526737213135,165,raw_status,0.0002467291932690555
3,status_2,5537.172969818115,243,raw_status,0.00026426963396962867
3,status_3,12338.429684638977,209,raw_status,0.0005888695033174393
3,status_4,21023.252584457397,444,raw_status,0.0010033653085480736
3,status_5,109524.77734375,1054,raw_status,0.0052272293058218565
3,status_6,150073.17015647888,463,raw_status,0.007162460331669433
3,status_7,3207.3696908950806,157,raw_status,0.00015307638371390197
3,status_8,69762.52028179169,434,raw_status,0.0033295177521379606
3,target_lag_1,318546.67302417755,1752,short_lags,0.015203103305820623
3,target_lag_2,50502.83492946625,381,short_lags,0.0024103212549051044
3,target_lag_3,14569.590462684631,374,short_lags,0.0006953548967403009
3,target_lag_4,57173.39149475098,930,short_lags,0.002728683269508994
3,target_lag_6,15161.063091278076,564,short_lags,0.0007235837882546973
3,target_lag_8,9094.593156814575,451,short_lags,0.00043405268676897143
3,target_lag_12,9860.59208202362,404,short_lags,0.00047061109964310866
3,target_lag_24,18723.10276699066,504,short_lags,0.0008935873128722027
3,target_lag_48,13299.392482757568,512,mid_lags,0.0006347328506070168
3,target_lag_96,10545.949090003967,469,mid_lags,0.0005033207597214059
3,target_lag_144,24193.39832496643,539,mid_lags,0.0011546651250864432
3,target_lag_192,20014.248744010925,501,long_lags,0.0009552091326362532
3,target_lag_240,23315.463128089905,565,long_lags,0.0011127643908322928
3,target_lag_288,16201.173265457153,511,long_lags,0.0007732245591890067
3,target_lag_336,14614.885507583618,521,long_lags,0.0006975166686411136
3,target_lag_672,10078.538152694702,486,long_lags,0.000481012892875018
3,target_roll_mean_2,16994.48424243927,218,roll_mean,0.0008110864794602168
3,target_roll_std_2,183327.80724716187,819,roll_std,0.008749586256694726
3,target_roll_mean_4,6578.107755661011,245,roll_mean,0.00031394976069501647
3,target_roll_std_4,11764.925828933716,437,roll_std,0.0005614981976252534
3,target_roll_mean_8,5125.214401245117,255,roll_mean,0.0002446083120783217
3,target_roll_std_8,6119.574769973755,342,roll_std,0.00029206560700303734
3,target_roll_mean_16,10134.228536605835,428,roll_mean,0.0004836707974505196
3,target_roll_std_16,7452.688079833984,384,roll_std,0.00035569037876962626
3,target_roll_mean_48,43351.97472000122,1018,roll_mean,0.002069036050266576
3,target_roll_std_48,51890.430975914,466,roll_std,0.0024765462945221164
3,target_roll_mean_96,12474154.895101547,1270,roll_mean,0.5953471864031769
3,target_roll_std_96,2675297.386827469,597,roll_std,0.12768245908706422
3,same_slot_mean_7d,317643.84352970123,1255,same_slot,0.015160014455004017
3,future_hour_3,323072.5199365616,7524,future_time,0.015419105932694964
3,future_minute_3,0.0,0,future_time,0.0
3,future_dow_3,46478.174364089966,1175,future_time,0.0022182384754323645
4,route_id,2678661.880159378,29545,ids_time,0.0903210470228033
4,office_from_id,420264.67266082764,3282,ids_time,0.01417078637008234
4,hour,722239.8901853561,8852,ids_time,0.02435300385104764
4,minute,6405.056933403015,87,ids_time,0.00021597031441355528
4,dow,108331.77132606506,1554,ids_time,0.0036528085476106894
4,target_2h,102281.25180149078,1230,current_target,0.0034487927804325836
4,status_sum,8129.10792350769,261,status_agg,0.0002741031051552109
4,status_max,2741.936798095703,106,status_agg,9.245459619547857e-05
4,status_1,28163.565306663513,311,raw_status,0.0009496393424024069
4,status_2,9627.937831878662,318,raw_status,0.0003246417295466939
4,status_3,27302.69256877899,445,raw_status,0.0009206118165265055
4,status_4,54739.8511762619,681,raw_status,0.0018457576556165545
4,status_5,379646.0199947357,2009,raw_status,0.012801177437864767
4,status_6,81489.69879055023,411,raw_status,0.0027477282485154253
4,status_7,4677.747004508972,137,raw_status,0.00015772763643087862
4,status_8,97773.58964061737,405,raw_status,0.003296800187037058
4,target_lag_1,11050.95209312439,351,short_lags,0.00037262394744291
4,target_lag_2,11905.739930152893,353,short_lags,0.00040144629825718226
4,target_lag_3,7178.119772911072,259,short_lags,0.0002420370030075762
4,target_lag_4,12906.411578178406,389,short_lags,0.00043518766428965846
4,target_lag_6,8253.272630691528,308,short_lags,0.00027828978001671184
4,target_lag_8,10337.323285102844,429,short_lags,0.0003485612982509537
4,target_lag_12,10465.231590270996,393,short_lags,0.0003528742024406428
4,target_lag_24,14913.7152967453,466,short_lags,0.0005028713741660767
4,target_lag_48,13465.330881118774,507,mid_lags,0.0004540337071652997
4,target_lag_96,11512.85606098175,424,mid_lags,0.0003881987575038132
4,target_lag_144,21386.524329185486,438,mid_lags,0.0007211262025634072
4,target_lag_192,24952.078521728516,405,long_lags,0.000841352122181105
4,target_lag_240,20729.08062839508,448,long_lags,0.0006989580432097516
4,target_lag_288,23571.394289016724,489,long_lags,0.0007947972186189634
4,target_lag_336,21466.689160346985,477,long_lags,0.0007238292579727306
4,target_lag_672,10199.200978279114,435,long_lags,0.0003439039910103766
4,target_roll_mean_2,12274.49340724945,244,roll_mean,0.0004138801931027231
4,target_roll_std_2,6851.760118484497,217,roll_std,0.00023103257355265198
4,target_roll_mean_4,8650.957500457764,230,roll_mean,0.00029169920435968876
4,target_roll_std_4,9606.246074676514,361,roll_std,0.0003239103112826815
4,target_roll_mean_8,9636.01648902893,356,roll_mean,0.0003249141315164069
4,target_roll_std_8,10770.004293441772,471,roll_std,0.00036315074755380083
4,target_roll_mean_16,18916.322638511658,528,roll_mean,0.0006378341660761877
4,target_roll_std_16,13290.797441482544,518,roll_std,0.00044814866317180484
4,target_roll_mean_48,1601517.1078681946,823,roll_mean,0.05400110520816481
4,target_roll_std_48,393544.87620925903,762,roll_std,0.013269829063892478
4,target_roll_mean_96,18106851.923592567,1425,roll_mean,0.6105398505646535
4,target_roll_std_96,3749064.124774933,738,roll_std,0.1264136394419269
4,same_slot_mean_7d,520050.6536512375,1304,same_slot,0.017535441815403088
4,future_hour_4,151074.95275115967,2151,future_time,0.005094053867893696
4,future_minute_4,2210.642924308777,18,future_time,7.454004740054776e-05
4,future_dow_4,76035.7621011734,1229,future_time,0.002563828490270728
5,route_id,2296434.649998665,24048,ids_time,0.09326339696184278
5,office_from_id,448216.69987106323,2788,ids_time,0.01820309234796924
5,hour,467589.0016441345,5032,ids_time,0.018989845269646158
5,minute,152.08680152893066,7,ids_time,6.176588453609122e-06
5,dow,91756.07179641724,1321,ids_time,0.003726421279879914
5,target_2h,28369.01915359497,542,current_target,0.001152129930952482
5,status_sum,6167.567704200745,136,status_agg,0.00025047885211375374
5,status_max,1805.1680011749268,74,status_agg,7.331194897119819e-05
5,status_1,39429.41286087036,253,raw_status,0.0016013174960662956
5,status_2,11814.250376701355,283,raw_status,0.0004798033868238052
5,status_3,35490.815353393555,418,raw_status,0.0014413621571181796
5,status_4,61765.17636966705,613,raw_status,0.0025084232909418254
5,status_5,304151.2681274414,1592,raw_status,0.01235226983525699
5,status_6,17835.853302001953,243,raw_status,0.0007243542796477007
5,status_7,1896.6938934326172,67,raw_status,7.70290221402173e-05
5,status_8,21804.950819969177,200,raw_status,0.0008855482928971774
5,target_lag_1,5321.772794723511,203,short_lags,0.00021612921085967886
5,target_lag_2,7701.025684356689,238,short_lags,0.0003127560435538292
5,target_lag_3,7037.467531204224,184,short_lags,0.00028580744850246917
5,target_lag_4,8165.476437568665,240,short_lags,0.00033161843746782997
5,target_lag_6,6808.4481019973755,269,short_lags,0.00027650645230904155
5,target_lag_8,8752.673983573914,348,short_lags,0.0003554658558248641
5,target_lag_12,7112.412979125977,282,short_lags,0.0002888511523849261
5,target_lag_24,11539.239233016968,382,short_lags,0.0004686345632466212
5,target_lag_48,12507.604079246521,450,mid_lags,0.0005079620464205287
5,target_lag_96,10339.080926895142,331,mid_lags,0.00041989342422881474
5,target_lag_144,17884.132557868958,321,mid_lags,0.0007263150092530258
5,target_lag_192,22548.545804023743,304,long_lags,0.0009157473643912242
5,target_lag_240,22581.11430454254,349,long_lags,0.000917070044743717
5,target_lag_288,27074.399097442627,409,long_lags,0.0010995524869517265
5,target_lag_336,14691.892984390259,362,long_lags,0.0005966709514354778
5,target_lag_672,6542.708511352539,271,long_lags,0.00026571416743788204
5,target_roll_mean_2,5937.292988777161,190,roll_mean,0.000241126875912368
5,target_roll_std_2,3829.6956930160522,130,roll_std,0.00015553259033999653
5,target_roll_mean_4,6247.643292427063,226,roll_mean,0.0002537309025788991
5,target_roll_std_4,6417.451793670654,239,roll_std,0.0002606272092771916
5,target_roll_mean_8,8523.874075889587,245,roll_mean,0.0003461737748961912
5,target_roll_std_8,6890.351606369019,305,roll_std,0.0002798327385766621
5,target_roll_mean_16,17486.071327209473,410,roll_mean,0.0007101488437711834
5,target_roll_std_16,9530.5568151474,371,roll_std,0.0003870574342357205
5,target_roll_mean_48,760368.0139923096,637,roll_mean,0.030880262116796585
5,target_roll_std_48,194745.34220981598,564,roll_std,0.007909048122486108
5,target_roll_mean_96,15371161.708144188,1122,roll_mean,0.6242575882366878
5,target_roll_std_96,3128295.0633296967,584,roll_std,0.12704712686044004
5,same_slot_mean_7d,495498.7363100052,1237,same_slot,0.02012332262039259
5,future_hour_5,487005.32960510254,5002,future_time,0.01977838619423382
5,future_minute_5,34.76039981842041,2,future_time,1.411698332813257e-06
5,future_dow_5,89848.93582344055,1046,future_time,0.0036489681813090327
6,route_id,2241849.7073993683,24764,ids_time,0.08603292106927489
6,office_from_id,467661.2915496826,2820,ids_time,0.017946906454189695
6,hour,816155.9775924683,7936,ids_time,0.031320691377605014
6,minute,9736.910963058472,139,ids_time,0.00037366237780280334
6,dow,108997.96417999268,1544,ids_time,0.004182891126937818
6,target_2h,13986.105617523193,448,current_target,0.000536728896985137
6,status_sum,4179.312092781067,125,status_agg,0.00016038471544963697
6,status_max,1616.9870052337646,82,status_agg,6.205327454921025e-05
6,status_1,47552.01638031006,281,raw_status,0.0018248497472552897
6,status_2,14932.247262954712,366,raw_status,0.0005730379007658544
6,status_3,37965.417068481445,477,raw_status,0.0014569557090442834
6,status_4,65879.58702087402,711,raw_status,0.0025281861186038927
6,status_5,298192.06935596466,1593,raw_status,0.011443378510928578
6,status_6,21314.44612979889,305,raw_status,0.0008179603010263847
6,status_7,1580.5723009109497,74,raw_status,6.065582878269633e-05
6,status_8,4987.053342819214,170,raw_status,0.0001913824843810535
6,target_lag_1,4901.005208015442,213,short_lags,0.00018808031280135426
6,target_lag_2,8712.313579559326,289,short_lags,0.00033434256723235083
6,target_lag_3,6754.291955947876,248,short_lags,0.0002592017943071618
6,target_lag_4,6912.073340415955,285,short_lags,0.00026525679137112196
6,target_lag_6,8786.949107170105,390,short_lags,0.00033720677014243376
6,target_lag_8,10283.702613830566,456,short_lags,0.00039464598021689414
6,target_lag_12,9347.73502254486,369,short_lags,0.0003587274145616195
6,target_lag_24,11798.086795806885,481,short_lags,0.0004527617827020058
6,target_lag_48,14321.74631023407,504,mid_lags,0.0005496093987994754
6,target_lag_96,11521.665699958801,409,mid_lags,0.0004421538841250009
6,target_lag_144,23773.240381240845,446,mid_lags,0.0009123186565672134
6,target_lag_192,19491.394976615906,408,long_lags,0.0007479991366140809
6,target_lag_240,27458.778679847717,454,long_lags,0.0010537543756947267
6,target_lag_288,34269.92683029175,474,long_lags,0.0013151380756297468
6,target_lag_336,23882.246006011963,482,long_lags,0.0009165018416759598
6,target_lag_672,8829.549211502075,422,long_lags,0.0003388415859828706
6,target_roll_mean_2,7184.018105506897,274,roll_mean,0.0002756929068845977
6,target_roll_std_2,2554.817398071289,115,roll_std,9.804332682481738e-05
6,target_roll_mean_4,7789.097550392151,246,roll_mean,0.0002989133537997665
6,target_roll_std_4,5926.9524030685425,283,roll_std,0.00022745192355738412
6,target_roll_mean_8,14009.873978614807,337,roll_mean,0.0005376410283947456
6,target_roll_std_8,9429.78828048706,444,roll_std,0.00036187627928734956
6,target_roll_mean_16,16216.630989074707,486,roll_mean,0.0006223272368739944
6,target_roll_std_16,11829.804495811462,472,roll_std,0.000453978976866265
6,target_roll_mean_48,948530.0209531784,745,roll_mean,0.03640065975661106
6,target_roll_std_48,304890.62865257263,691,roll_std,0.011700441516241035
6,target_roll_mean_96,16203830.428482056,1299,roll_mean,0.6218360042924902
6,target_roll_std_96,3314176.2654180527,672,roll_std,0.12718437998376586
6,same_slot_mean_7d,583986.2549619675,1258,same_slot,0.022410977512389574
6,future_hour_6,160390.24189281464,1999,future_time,0.006155114223537141
6,future_minute_6,1261.1020135879517,18,future_time,4.839588025781431e-05
6,future_dow_6,78406.45580291748,1210,future_time,0.0030089155402121363
7,route_id,12594634.470496178,20993,ids_time,0.6157757507609957
7,office_from_id,3102700.996834755,2462,ids_time,0.15169698177334578
7,hour,667535.9381904602,4165,ids_time,0.03263710784636868
7,minute,31.988500595092773,2,ids_time,1.5639789321242445e-06
7,dow,101406.89549827576,1119,ids_time,0.00495797693486634
7,target_2h,10530.71842956543,267,current_target,0.0005148669508598164
7,status_sum,14412.699447631836,65,status_agg,0.0007046644222703228
7,status_max,8759.352014541626,50,status_agg,0.0004282614613047771
7,status_1,63318.43381214142,270,raw_status,0.0030957592464488375
7,status_2,12956.607381820679,228,raw_status,0.0006334732982164723
7,status_3,58144.77665042877,480,raw_status,0.0028428092596590976
7,status_4,86098.24659919739,592,raw_status,0.004209507831531172
7,status_5,175401.1403980255,695,raw_status,0.008575696989535093
7,status_6,12201.820510864258,80,raw_status,0.0005965703255088077
7,status_7,329.5527982711792,16,raw_status,1.6112466165350148e-05
7,status_8,1820.5214986801147,71,raw_status,8.900877554266302e-05
7,target_lag_1,4354.286425590515,141,short_lags,0.0002128893854781941
7,target_lag_2,3309.845994949341,119,short_lags,0.0001618246966370999
7,target_lag_3,2998.2940998077393,117,short_lags,0.00014659232902998563
7,target_lag_4,4995.051694869995,171,short_lags,0.000244217624156057
7,target_lag_6,5442.272691726685,210,short_lags,0.00026608311344362816
7,target_lag_8,6529.480514526367,252,short_lags,0.00031923878182654134
7,target_lag_12,8317.122422218323,265,short_lags,0.00040664001132466635
7,target_lag_24,7700.495037078857,256,short_lags,0.00037649191993594617
7,target_lag_48,12129.017594337463,355,mid_lags,0.0005930108517752194
7,target_lag_96,8922.414774894714,287,mid_lags,0.00043623391131218306
7,target_lag_144,21533.572936058044,324,mid_lags,0.001052817536890804
7,target_lag_192,15891.476992607117,288,long_lags,0.0007769646827581353
7,target_lag_240,23925.99614715576,309,long_lags,0.0011697876802008616
7,target_lag_288,17440.924695014954,318,long_lags,0.0008527201423111823
7,target_lag_336,12680.807042121887,286,long_lags,0.0006199888924851268
7,target_lag_672,5329.181507110596,237,long_lags,0.0002605538692821913
7,target_roll_mean_2,6205.894410133362,188,roll_mean,0.00030341803872874034
7,target_roll_std_2,963.8792028427124,48,roll_std,4.712589644135964e-05
7,target_roll_mean_4,9644.86974143982,168,roll_mean,0.0004715561154188177
7,target_roll_std_4,3856.026604652405,167,roll_std,0.00018852851053331634
7,target_roll_mean_8,11366.089930534363,224,roll_mean,0.0005557098601461882
7,target_roll_std_8,5083.909594535828,202,roll_std,0.0002485620567004036
7,target_roll_mean_16,9990.962705612183,260,roll_mean,0.0004884772619074731
7,target_roll_std_16,6825.227798461914,256,roll_std,0.0003336984317852243
7,target_roll_mean_48,831978.2070608139,583,roll_mean,0.040677004661769815
7,target_roll_std_48,143130.28231048584,508,roll_std,0.006997913059949287
7,target_roll_mean_96,979931.7805757523,563,roll_mean,0.04791073764722137
7,target_roll_std_96,277878.73454093933,363,roll_std,0.013586022427510853
7,same_slot_mean_7d,626991.0220346451,1140,same_slot,0.030654789404029235
7,future_hour_7,390765.87333488464,4184,future_time,0.01910529039872049
7,future_minute_7,0.0,0,future_time,0.0
7,future_dow_7,76883.85220813751,916,future_time,0.0037589984787385565
8,route_id,22070347.806035995,25481,ids_time,0.5915388478574971
8,office_from_id,5514831.561891556,3179,ids_time,0.14781086084005013
8,hour,1484306.2864894867,9609,ids_time,0.03978300832837355
8,minute,14922.361978530884,147,ids_time,0.00039995549185131333
8,dow,144576.24169826508,1843,ids_time,0.003874993914611953
8,target_2h,21248.10769844055,392,current_target,0.0005695008188158246
8,status_sum,97645.26863384247,143,status_agg,0.0026171300159847045
8,status_max,15456.397957801819,102,status_agg,0.00041426895127971356
8,status_1,124213.23416614532,457,raw_status,0.0033292159268645495
8,status_2,122877.82183361053,1050,raw_status,0.0032934236376108983
8,status_3,73228.21540641785,711,raw_status,0.0019626937714287505
8,status_4,151152.44622135162,816,raw_status,0.004051252144932999
8,status_5,168357.2060918808,844,raw_status,0.004512381435731685
8,status_6,11542.229709625244,157,raw_status,0.00030935974929543233
8,status_7,1380.4391078948975,60,raw_status,3.6999116035600144e-05
8,status_8,3195.103371620178,117,raw_status,8.563651936273079e-05
8,target_lag_1,5484.428977012634,169,short_lags,0.0001469959978306757
8,target_lag_2,4497.891993522644,182,short_lags,0.00012055441404997613
8,target_lag_3,4536.062202453613,180,short_lags,0.0001215774682225674
8,target_lag_4,6278.5515060424805,244,short_lags,0.00016828040757393875
8,target_lag_6,7479.939398765564,268,short_lags,0.00020048051679455553
8,target_lag_8,10484.57809829712,376,short_lags,0.0002810121210161644
8,target_lag_12,13973.57499885559,408,short_lags,0.0003745256997269761
8,target_lag_24,14999.765608787537,389,short_lags,0.0004020300968672563
8,target_lag_48,14664.303942680359,407,mid_lags,0.0003930389106288987
8,target_lag_96,11302.923414230347,331,mid_lags,0.00030294576019534986
8,target_lag_144,24086.570434570312,420,mid_lags,0.0006455785041959088
8,target_lag_192,24487.2668132782,411,long_lags,0.0006563181389440622
8,target_lag_240,42076.353417396545,411,long_lags,0.001127748318300835
8,target_lag_288,17231.777292251587,374,long_lags,0.0004618534232255162
8,target_lag_336,12269.174388885498,342,long_lags,0.00032884362974013216
8,target_lag_672,9265.181813240051,369,long_lags,0.0002483293432056989
8,target_roll_mean_2,19488.96559906006,279,roll_mean,0.0005223515441496338
8,target_roll_std_2,963.3043975830078,52,roll_std,2.581889413299006e-05
8,target_roll_mean_4,9735.811589241028,252,roll_mean,0.00026094336260900486
8,target_roll_std_4,4417.741396903992,203,roll_std,0.00011840618367338361
8,target_roll_mean_8,19687.14423274994,374,roll_mean,0.0005276632121701451
8,target_roll_std_8,9892.929182052612,386,roll_std,0.0002651544951496751
8,target_roll_mean_16,21764.52654647827,518,roll_mean,0.0005833420964007924
8,target_roll_std_16,14856.339822769165,455,roll_std,0.0003981859379550365
8,target_roll_mean_48,246648.84089946747,717,roll_mean,0.006610787127294633
8,target_roll_std_48,224346.78500556946,739,roll_std,0.006013037940726675
8,target_roll_mean_96,4392406.13388443,1235,roll_mean,0.11772713717948742
8,target_roll_std_96,746172.3935375214,627,roll_std,0.0199992298198192
8,same_slot_mean_7d,967966.5581445694,1362,same_slot,0.025943851343059876
8,future_hour_8,288580.74648952484,2442,future_time,0.007734663893497119
8,future_minute_8,2457.833191871643,33,future_time,6.587589046277013e-05
8,future_dow_8,98271.32366466522,1565,future_time,0.0026339098091661696
9,route_id,17194250.659453392,24924,ids_time,0.47811611992374464
9,office_from_id,4655295.864744186,3106,ids_time,0.1294486186128045
9,hour,1190569.6531763077,6110,ids_time,0.033105865114432996
9,minute,487.06420135498047,18,ids_time,1.3543669376342792e-05
9,dow,149974.97129058838,1604,ids_time,0.004170315576951735
9,target_2h,28113.57414150238,340,current_target,0.0007817469485553579
9,status_sum,87169.98693561554,141,status_agg,0.002423913478575806
9,status_max,9120.887508392334,87,status_agg,0.00025362218058487497
9,status_1,176178.6918373108,427,raw_status,0.004898955716234391
9,status_2,220339.90059757233,823,raw_status,0.006126935126432773
9,status_3,64565.68557167053,592,raw_status,0.0017953614657101305
9,status_4,133733.65779781342,740,raw_status,0.0037186975365132344
9,status_5,120472.98938560486,782,raw_status,0.003349961529669301
9,status_6,18011.276045799255,188,raw_status,0.0005008349353775669
9,status_7,1363.0085096359253,58,raw_status,3.7900828187117484e-05
9,status_8,2731.087700843811,99,raw_status,7.594265551671412e-05
9,target_lag_1,2853.4423837661743,117,short_lags,7.934494081614224e-05
9,target_lag_2,4213.5696058273315,159,short_lags,0.00011716564977835618
9,target_lag_3,4735.651504516602,187,short_lags,0.00013168304728683653
9,target_lag_4,5731.689491271973,222,short_lags,0.00015937962022601895
9,target_lag_6,6688.598125457764,221,short_lags,0.00018598813329005873
9,target_lag_8,9730.334218025208,303,short_lags,0.0002705689089931734
9,target_lag_12,11346.471821784973,322,short_lags,0.00031550843300480263
9,target_lag_24,17825.26211452484,364,short_lags,0.0004956624936798074
9,target_lag_48,16255.067014694214,365,mid_lags,0.00045200048109645926
9,target_lag_96,11079.996320724487,298,mid_lags,0.0003080986170642791
9,target_lag_144,24124.161182403564,336,mid_lags,0.0006708143651845821
9,target_lag_192,24713.790013313293,368,long_lags,0.0006872100229200204
9,target_lag_240,34808.49141693115,336,long_lags,0.0009679107968285929
9,target_lag_288,18165.315690994263,328,long_lags,0.0005051182762997009
9,target_lag_336,10719.262296676636,285,long_lags,0.000298067778540507
9,target_lag_672,9074.538294792175,332,long_lags,0.00025233335988504173
9,target_roll_mean_2,6973.958776473999,199,roll_mean,0.00019392308375373505
9,target_roll_std_2,794.9767980575562,38,roll_std,2.2105716011980262e-05
9,target_roll_mean_4,6870.901314735413,215,roll_mean,0.00019105739133645297
9,target_roll_std_4,4179.0337018966675,177,roll_std,0.0001162053187518738
9,target_roll_mean_8,10370.13564491272,246,roll_mean,0.0002883597032420027
9,target_roll_std_8,7897.202597618103,319,roll_std,0.00021959548799231694
9,target_roll_mean_16,16339.35317993164,383,roll_mean,0.0004543442048844112
9,target_roll_std_16,11993.88943862915,360,roll_std,0.00033351100869516166
9,target_roll_mean_48,589136.1307935715,687,roll_mean,0.01638195734962402
9,target_roll_std_48,277375.59760189056,631,roll_std,0.007712912130545955
9,target_roll_mean_96,7501481.400229454,1098,roll_mean,0.20859177010926883
9,target_roll_std_96,1317894.8514699936,542,roll_std,0.03664636426047917
9,same_slot_mean_7d,967844.848074913,1357,same_slot,0.02691261355989062
9,future_hour_9,873360.444226265,6100,future_time,0.024285309965442505
9,future_minute_9,107.71880149841309,4,future_time,2.9953090969359277e-06
9,future_dow_9,105434.32258319855,1466,future_time,0.0029317851774221994
10,route_id,2970754.5136289597,23707,ids_time,0.08593919903294976
10,office_from_id,868256.7165975571,3020,ids_time,0.025117284661876453
10,hour,1903956.9002685547,7510,ids_time,0.055078442278443246
10,minute,14775.925018310547,162,ids_time,0.0004274439894709963
10,dow,142002.6726922989,1311,ids_time,0.004107911271607175
10,target_2h,21054.216117858887,267,current_target,0.0006090649567759611
10,status_sum,51237.615317344666,164,status_agg,0.0014822226476573024
10,status_max,11571.791460037231,51,status_agg,0.0003347535061849055
10,status_1,194668.59721565247,436,raw_status,0.005631452630915899
10,status_2,433206.89342975616,1015,raw_status,0.012531985819127007
10,status_3,86082.61069583893,623,raw_status,0.0024902328953558253
10,status_4,127347.72296619415,707,raw_status,0.0036839669047631063
10,status_5,118233.9761838913,849,raw_status,0.0034203207182246335
10,status_6,7610.368977546692,108,raw_status,0.00022015585982452477
10,status_7,535.83349609375,26,raw_status,1.5500810066285237e-05
10,status_8,2697.6818170547485,84,raw_status,7.803964061649606e-05
10,target_lag_1,2982.043294906616,121,short_lags,8.626576550507299e-05
10,target_lag_2,3290.1859922409058,134,short_lags,9.517984321673577e-05
10,target_lag_3,3746.5274028778076,144,short_lags,0.00010838107379158896
10,target_lag_4,4639.914297103882,176,short_lags,0.00013422533448835574
10,target_lag_6,7636.519578933716,215,short_lags,0.00022091235509436968
10,target_lag_8,8137.791692733765,254,short_lags,0.00023541335938802514
10,target_lag_12,10577.190273284912,297,short_lags,0.0003059812771250555
10,target_lag_24,18883.46235847473,337,short_lags,0.0005462685060684426
10,target_lag_48,17663.942580223083,384,mid_lags,0.0005109897401970203
10,target_lag_96,12017.483588218689,280,mid_lags,0.00034764666997056493
10,target_lag_144,24017.738503456116,349,mid_lags,0.0006947949418575394
10,target_lag_192,25474.250438690186,318,long_lags,0.0007369295135704484
10,target_lag_240,29040.803416252136,308,long_lags,0.000840104213733014
10,target_lag_288,17421.77730178833,306,long_lags,0.0005039842841868395
10,target_lag_336,12535.198090553284,330,long_lags,0.00036262332639042767
10,target_lag_672,7501.912072181702,283,long_lags,0.00021701837420129368
10,target_roll_mean_2,7486.683625221252,167,roll_mean,0.0002165778394723914
10,target_roll_std_2,972.8613996505737,46,roll_std,2.8143331625848047e-05
10,target_roll_mean_4,5940.129189491272,192,roll_mean,0.00017183848155582872
10,target_roll_std_4,3550.879898071289,146,roll_std,0.00010272130292236008
10,target_roll_mean_8,7825.627924919128,227,roll_mean,0.00022638295850837569
10,target_roll_std_8,7614.536988258362,277,roll_std,0.0002202764337394943
10,target_roll_mean_16,16132.355998039246,376,roll_mean,0.0004666833784567141
10,target_roll_std_16,9973.386277198792,299,roll_std,0.0002885141886939929
10,target_roll_mean_48,1015273.290266037,528,roll_mean,0.0293702401072606
10,target_roll_std_48,364153.5285606384,665,roll_std,0.010534381897242264
10,target_roll_mean_96,20397815.841934204,1304,roll_mean,0.5900763416954556
10,target_roll_std_96,4060196.438539505,516,roll_std,0.11745501967386755
10,same_slot_mean_7d,1057027.192606926,1361,same_slot,0.030578114035319594
10,future_hour_10,372844.17736053467,1919,future_time,0.010785788532665467
10,future_minute_10,1585.7640075683594,23,future_time,4.587362841342004e-05
10,future_dow_10,80142.89280986786,1060,future_time,0.0023184063121560955
